[{"model": "admin.logentry", "pk": 1, "fields": {"action_time": "2025-06-14T23:35:56.179Z", "user": 1, "content_type": 11, "object_id": "1", "object_repr": "Basic Computer Operations", "action_flag": 1, "change_message": "[{\"added\": {}}]"}}, {"model": "admin.logentry", "pk": 2, "fields": {"action_time": "2025-06-14T23:36:16.913Z", "user": 1, "content_type": 11, "object_id": "2", "object_repr": "Intro to Coding Concepts", "action_flag": 1, "change_message": "[{\"added\": {}}]"}}, {"model": "admin.logentry", "pk": 3, "fields": {"action_time": "2025-06-14T23:36:29.881Z", "user": 1, "content_type": 11, "object_id": "3", "object_repr": "Google Workspace", "action_flag": 1, "change_message": "[{\"added\": {}}]"}}, {"model": "admin.logentry", "pk": 4, "fields": {"action_time": "2025-06-14T23:44:15.674Z", "user": 1, "content_type": 11, "object_id": "4", "object_repr": "Computer Ethics", "action_flag": 1, "change_message": "[{\"added\": {}}]"}}, {"model": "admin.logentry", "pk": 5, "fields": {"action_time": "2025-06-14T23:44:19.221Z", "user": 1, "content_type": 11, "object_id": "5", "object_repr": "Computer Ethics", "action_flag": 1, "change_message": "[{\"added\": {}}]"}}, {"model": "admin.logentry", "pk": 6, "fields": {"action_time": "2025-06-14T23:44:53.706Z", "user": 1, "content_type": 11, "object_id": "6", "object_repr": "Understanding Software and Applications", "action_flag": 1, "change_message": "[{\"added\": {}}]"}}, {"model": "admin.logentry", "pk": 7, "fields": {"action_time": "2025-06-14T23:45:15.072Z", "user": 1, "content_type": 11, "object_id": "7", "object_repr": "File Management and Storage", "action_flag": 1, "change_message": "[{\"added\": {}}]"}}, {"model": "admin.logentry", "pk": 8, "fields": {"action_time": "2025-06-14T23:45:31.526Z", "user": 1, "content_type": 11, "object_id": "8", "object_repr": "Internet Safety and Security", "action_flag": 1, "change_message": "[{\"added\": {}}]"}}, {"model": "admin.logentry", "pk": 9, "fields": {"action_time": "2025-06-14T23:45:44.827Z", "user": 1, "content_type": 11, "object_id": "9", "object_repr": "Hardware Components and Their Functions", "action_flag": 1, "change_message": "[{\"added\": {}}]"}}, {"model": "admin.logentry", "pk": 10, "fields": {"action_time": "2025-06-15T14:27:26.931Z", "user": 1, "content_type": 10, "object_id": "1", "object_repr": "Basic Computer Operations (beginner)", "action_flag": 1, "change_message": "[{\"added\": {}}]"}}, {"model": "admin.logentry", "pk": 11, "fields": {"action_time": "2025-06-15T14:27:33.021Z", "user": 1, "content_type": 10, "object_id": "2", "object_repr": "Basic Computer Operations (intermediate)", "action_flag": 1, "change_message": "[{\"added\": {}}]"}}, {"model": "admin.logentry", "pk": 12, "fields": {"action_time": "2025-06-15T14:27:38.624Z", "user": 1, "content_type": 10, "object_id": "3", "object_repr": "Basic Computer Operations (advanced)", "action_flag": 1, "change_message": "[{\"added\": {}}]"}}, {"model": "admin.logentry", "pk": 13, "fields": {"action_time": "2025-06-15T14:27:50.821Z", "user": 1, "content_type": 10, "object_id": "4", "object_repr": "Intro to Coding Concepts (beginner)", "action_flag": 1, "change_message": "[{\"added\": {}}]"}}, {"model": "admin.logentry", "pk": 14, "fields": {"action_time": "2025-06-15T14:27:57.543Z", "user": 1, "content_type": 10, "object_id": "5", "object_repr": "Intro to Coding Concepts (intermediate)", "action_flag": 1, "change_message": "[{\"added\": {}}]"}}, {"model": "admin.logentry", "pk": 15, "fields": {"action_time": "2025-06-15T14:28:03.172Z", "user": 1, "content_type": 10, "object_id": "6", "object_repr": "Intro to Coding Concepts (advanced)", "action_flag": 1, "change_message": "[{\"added\": {}}]"}}, {"model": "admin.logentry", "pk": 16, "fields": {"action_time": "2025-06-15T14:28:15.412Z", "user": 1, "content_type": 10, "object_id": "7", "object_repr": "Google Workspace (beginner)", "action_flag": 1, "change_message": "[{\"added\": {}}]"}}, {"model": "admin.logentry", "pk": 17, "fields": {"action_time": "2025-06-15T14:28:22.620Z", "user": 1, "content_type": 10, "object_id": "8", "object_repr": "Google Workspace (advanced)", "action_flag": 1, "change_message": "[{\"added\": {}}]"}}, {"model": "admin.logentry", "pk": 18, "fields": {"action_time": "2025-06-15T14:28:34.528Z", "user": 1, "content_type": 10, "object_id": "9", "object_repr": "Computer Ethics (beginner)", "action_flag": 1, "change_message": "[{\"added\": {}}]"}}, {"model": "admin.logentry", "pk": 19, "fields": {"action_time": "2025-06-15T14:28:40.757Z", "user": 1, "content_type": 10, "object_id": "10", "object_repr": "Computer Ethics (intermediate)", "action_flag": 1, "change_message": "[{\"added\": {}}]"}}, {"model": "admin.logentry", "pk": 20, "fields": {"action_time": "2025-06-15T14:28:46.069Z", "user": 1, "content_type": 10, "object_id": "11", "object_repr": "Computer Ethics (advanced)", "action_flag": 1, "change_message": "[{\"added\": {}}]"}}, {"model": "admin.logentry", "pk": 21, "fields": {"action_time": "2025-06-15T14:29:07.603Z", "user": 1, "content_type": 10, "object_id": "12", "object_repr": "Understanding Software and Applications (beginner)", "action_flag": 1, "change_message": "[{\"added\": {}}]"}}, {"model": "admin.logentry", "pk": 22, "fields": {"action_time": "2025-06-15T14:29:14.657Z", "user": 1, "content_type": 10, "object_id": "13", "object_repr": "Understanding Software and Applications (intermediate)", "action_flag": 1, "change_message": "[{\"added\": {}}]"}}, {"model": "admin.logentry", "pk": 23, "fields": {"action_time": "2025-06-15T14:29:22.402Z", "user": 1, "content_type": 10, "object_id": "14", "object_repr": "Understanding Software and Applications (advanced)", "action_flag": 1, "change_message": "[{\"added\": {}}]"}}, {"model": "admin.logentry", "pk": 24, "fields": {"action_time": "2025-06-15T14:29:35.687Z", "user": 1, "content_type": 10, "object_id": "15", "object_repr": "File Management and Storage (beginner)", "action_flag": 1, "change_message": "[{\"added\": {}}]"}}, {"model": "admin.logentry", "pk": 25, "fields": {"action_time": "2025-06-15T14:29:44.999Z", "user": 1, "content_type": 10, "object_id": "16", "object_repr": "File Management and Storage (intermediate)", "action_flag": 1, "change_message": "[{\"added\": {}}]"}}, {"model": "admin.logentry", "pk": 26, "fields": {"action_time": "2025-06-15T14:29:50.647Z", "user": 1, "content_type": 10, "object_id": "17", "object_repr": "File Management and Storage (advanced)", "action_flag": 1, "change_message": "[{\"added\": {}}]"}}, {"model": "admin.logentry", "pk": 27, "fields": {"action_time": "2025-06-15T14:30:08.748Z", "user": 1, "content_type": 10, "object_id": "18", "object_repr": "Internet Safety and Security (beginner)", "action_flag": 1, "change_message": "[{\"added\": {}}]"}}, {"model": "admin.logentry", "pk": 28, "fields": {"action_time": "2025-06-15T14:30:14.764Z", "user": 1, "content_type": 10, "object_id": "19", "object_repr": "Internet Safety and Security (intermediate)", "action_flag": 1, "change_message": "[{\"added\": {}}]"}}, {"model": "admin.logentry", "pk": 29, "fields": {"action_time": "2025-06-15T14:30:20.784Z", "user": 1, "content_type": 10, "object_id": "20", "object_repr": "Internet Safety and Security (advanced)", "action_flag": 1, "change_message": "[{\"added\": {}}]"}}, {"model": "admin.logentry", "pk": 30, "fields": {"action_time": "2025-06-15T14:30:44.556Z", "user": 1, "content_type": 10, "object_id": "21", "object_repr": "Hardware Components and Their Functions (beginner)", "action_flag": 1, "change_message": "[{\"added\": {}}]"}}, {"model": "admin.logentry", "pk": 31, "fields": {"action_time": "2025-06-15T14:30:50.358Z", "user": 1, "content_type": 10, "object_id": "22", "object_repr": "Hardware Components and Their Functions (intermediate)", "action_flag": 1, "change_message": "[{\"added\": {}}]"}}, {"model": "admin.logentry", "pk": 32, "fields": {"action_time": "2025-06-15T14:30:55.747Z", "user": 1, "content_type": 10, "object_id": "23", "object_repr": "Hardware Components and Their Functions (advanced)", "action_flag": 1, "change_message": "[{\"added\": {}}]"}}, {"model": "admin.logentry", "pk": 33, "fields": {"action_time": "2025-06-15T14:31:32.720Z", "user": 1, "content_type": 9, "object_id": "1", "object_repr": "What symbol is used to start a comment in Python?", "action_flag": 1, "change_message": "[{\"added\": {}}]"}}, {"model": "admin.logentry", "pk": 34, "fields": {"action_time": "2025-06-15T14:31:46.869Z", "user": 1, "content_type": 9, "object_id": "2", "object_repr": "Which of these is a correct variable name in Python?", "action_flag": 1, "change_message": "[{\"added\": {}}]"}}, {"model": "admin.logentry", "pk": 35, "fields": {"action_time": "2025-06-15T14:32:03.152Z", "user": 1, "content_type": 9, "object_id": "3", "object_repr": "What is the output of print(2 + 3)?", "action_flag": 1, "change_message": "[{\"added\": {}}]"}}, {"model": "admin.logentry", "pk": 36, "fields": {"action_time": "2025-06-15T14:32:15.110Z", "user": 1, "content_type": 9, "object_id": "4", "object_repr": "What type of language is Python?", "action_flag": 1, "change_message": "[{\"added\": {}}]"}}, {"model": "admin.logentry", "pk": 37, "fields": {"action_time": "2025-06-15T14:32:26.960Z", "user": 1, "content_type": 9, "object_id": "5", "object_repr": "Which of these is used to define a function in Python?", "action_flag": 1, "change_message": "[{\"added\": {}}]"}}, {"model": "admin.logentry", "pk": 38, "fields": {"action_time": "2025-06-15T14:32:45.954Z", "user": 1, "content_type": 9, "object_id": "6", "object_repr": "What keyword is used to create a class in Python?", "action_flag": 1, "change_message": "[{\"added\": {}}]"}}, {"model": "admin.logentry", "pk": 39, "fields": {"action_time": "2025-06-15T14:33:12.179Z", "user": 1, "content_type": 9, "object_id": "7", "object_repr": "How do you handle exceptions in Python?", "action_flag": 1, "change_message": "[{\"added\": {}}]"}}, {"model": "admin.logentry", "pk": 40, "fields": {"action_time": "2025-06-15T14:33:25.891Z", "user": 1, "content_type": 9, "object_id": "8", "object_repr": "Which of these data structures preserves order?", "action_flag": 1, "change_message": "[{\"added\": {}}]"}}, {"model": "admin.logentry", "pk": 41, "fields": {"action_time": "2025-06-15T14:33:35.594Z", "user": 1, "content_type": 9, "object_id": "9", "object_repr": "What does len() do in Python?", "action_flag": 1, "change_message": "[{\"added\": {}}]"}}, {"model": "admin.logentry", "pk": 42, "fields": {"action_time": "2025-06-15T14:33:47.499Z", "user": 1, "content_type": 9, "object_id": "10", "object_repr": "What is the output of bool([])?", "action_flag": 1, "change_message": "[{\"added\": {}}]"}}, {"model": "admin.logentry", "pk": 43, "fields": {"action_time": "2025-06-15T14:34:04.366Z", "user": 1, "content_type": 9, "object_id": "11", "object_repr": "What is a Python decorator?", "action_flag": 1, "change_message": "[{\"added\": {}}]"}}, {"model": "admin.logentry", "pk": 44, "fields": {"action_time": "2025-06-15T14:34:13.379Z", "user": 1, "content_type": 9, "object_id": "12", "object_repr": "What does the yield keyword do?", "action_flag": 1, "change_message": "[{\"added\": {}}]"}}, {"model": "admin.logentry", "pk": 45, "fields": {"action_time": "2025-06-15T14:34:24.953Z", "user": 1, "content_type": 9, "object_id": "13", "object_repr": "How would you create a thread in Python?", "action_flag": 1, "change_message": "[{\"added\": {}}]"}}, {"model": "admin.logentry", "pk": 46, "fields": {"action_time": "2025-06-15T14:34:40.718Z", "user": 1, "content_type": 9, "object_id": "14", "object_repr": "What is the difference between deepcopy and copy?", "action_flag": 1, "change_message": "[{\"added\": {}}]"}}, {"model": "admin.logentry", "pk": 47, "fields": {"action_time": "2025-06-15T14:34:45.684Z", "user": 1, "content_type": 9, "object_id": "15", "object_repr": "What is the Global Interpreter Lock (GIL) in Python?", "action_flag": 1, "change_message": "[{\"added\": {}}]"}}, {"model": "admin.logentry", "pk": 48, "fields": {"action_time": "2025-06-15T14:35:11.773Z", "user": 1, "content_type": 9, "object_id": "16", "object_repr": "What is the Global Interpreter Lock (GIL) in Python?", "action_flag": 1, "change_message": "[{\"added\": {}}]"}}, {"model": "admin.logentry", "pk": 49, "fields": {"action_time": "2025-06-15T14:35:33.785Z", "user": 1, "content_type": 9, "object_id": "16", "object_repr": "What is the Global Interpreter Lock (GIL) in Python?", "action_flag": 3, "change_message": ""}}, {"model": "admin.logentry", "pk": 50, "fields": {"action_time": "2025-06-15T14:36:17.896Z", "user": 1, "content_type": 12, "object_id": "1", "object_repr": "A) #", "action_flag": 1, "change_message": "[{\"added\": {}}]"}}, {"model": "admin.logentry", "pk": 51, "fields": {"action_time": "2025-06-15T14:36:26.983Z", "user": 1, "content_type": 12, "object_id": "2", "object_repr": "B) //", "action_flag": 1, "change_message": "[{\"added\": {}}]"}}, {"model": "admin.logentry", "pk": 52, "fields": {"action_time": "2025-06-15T14:36:35.413Z", "user": 1, "content_type": 12, "object_id": "3", "object_repr": "C) /*", "action_flag": 1, "change_message": "[{\"added\": {}}]"}}, {"model": "admin.logentry", "pk": 53, "fields": {"action_time": "2025-06-15T14:36:57.171Z", "user": 1, "content_type": 12, "object_id": "4", "object_repr": "D) --", "action_flag": 1, "change_message": "[{\"added\": {}}]"}}, {"model": "admin.logentry", "pk": 54, "fields": {"action_time": "2025-06-15T14:37:08.499Z", "user": 1, "content_type": 12, "object_id": "5", "object_repr": "A) 1variable", "action_flag": 1, "change_message": "[{\"added\": {}}]"}}, {"model": "admin.logentry", "pk": 55, "fields": {"action_time": "2025-06-15T14:37:40.663Z", "user": 1, "content_type": 12, "object_id": "6", "object_repr": "B) variable_1", "action_flag": 1, "change_message": "[{\"added\": {}}]"}}, {"model": "admin.logentry", "pk": 56, "fields": {"action_time": "2025-06-15T14:40:31.271Z", "user": 1, "content_type": 12, "object_id": "7", "object_repr": "C) variable-1", "action_flag": 1, "change_message": "[{\"added\": {}}]"}}, {"model": "admin.logentry", "pk": 57, "fields": {"action_time": "2025-06-15T14:40:40.616Z", "user": 1, "content_type": 12, "object_id": "8", "object_repr": "D) variable 1", "action_flag": 1, "change_message": "[{\"added\": {}}]"}}, {"model": "admin.logentry", "pk": 58, "fields": {"action_time": "2025-06-15T14:58:50.032Z", "user": 1, "content_type": 12, "object_id": "9", "object_repr": "A) Low-level", "action_flag": 1, "change_message": "[{\"added\": {}}]"}}, {"model": "admin.logentry", "pk": 59, "fields": {"action_time": "2025-06-15T14:59:11.559Z", "user": 1, "content_type": 12, "object_id": "10", "object_repr": "B) Assembly", "action_flag": 1, "change_message": "[{\"added\": {}}]"}}, {"model": "admin.logentry", "pk": 60, "fields": {"action_time": "2025-06-15T14:59:22.516Z", "user": 1, "content_type": 12, "object_id": "11", "object_repr": "C) High-level", "action_flag": 1, "change_message": "[{\"added\": {}}]"}}, {"model": "admin.logentry", "pk": 61, "fields": {"action_time": "2025-06-15T14:59:34.282Z", "user": 1, "content_type": 12, "object_id": "12", "object_repr": "D) Machine", "action_flag": 1, "change_message": "[{\"added\": {}}]"}}, {"model": "admin.logentry", "pk": 62, "fields": {"action_time": "2025-06-15T16:03:33.493Z", "user": 1, "content_type": 9, "object_id": "15", "object_repr": "What is the Global Interpreter Lock (GIL) in Python?", "action_flag": 2, "change_message": "[]"}}, {"model": "auth.permission", "pk": 1, "fields": {"name": "Can add log entry", "content_type": 1, "codename": "add_logentry"}}, {"model": "auth.permission", "pk": 2, "fields": {"name": "Can change log entry", "content_type": 1, "codename": "change_logentry"}}, {"model": "auth.permission", "pk": 3, "fields": {"name": "Can delete log entry", "content_type": 1, "codename": "delete_logentry"}}, {"model": "auth.permission", "pk": 4, "fields": {"name": "Can view log entry", "content_type": 1, "codename": "view_logentry"}}, {"model": "auth.permission", "pk": 5, "fields": {"name": "Can add permission", "content_type": 2, "codename": "add_permission"}}, {"model": "auth.permission", "pk": 6, "fields": {"name": "Can change permission", "content_type": 2, "codename": "change_permission"}}, {"model": "auth.permission", "pk": 7, "fields": {"name": "Can delete permission", "content_type": 2, "codename": "delete_permission"}}, {"model": "auth.permission", "pk": 8, "fields": {"name": "Can view permission", "content_type": 2, "codename": "view_permission"}}, {"model": "auth.permission", "pk": 9, "fields": {"name": "Can add group", "content_type": 3, "codename": "add_group"}}, {"model": "auth.permission", "pk": 10, "fields": {"name": "Can change group", "content_type": 3, "codename": "change_group"}}, {"model": "auth.permission", "pk": 11, "fields": {"name": "Can delete group", "content_type": 3, "codename": "delete_group"}}, {"model": "auth.permission", "pk": 12, "fields": {"name": "Can view group", "content_type": 3, "codename": "view_group"}}, {"model": "auth.permission", "pk": 13, "fields": {"name": "Can add user", "content_type": 4, "codename": "add_user"}}, {"model": "auth.permission", "pk": 14, "fields": {"name": "Can change user", "content_type": 4, "codename": "change_user"}}, {"model": "auth.permission", "pk": 15, "fields": {"name": "Can delete user", "content_type": 4, "codename": "delete_user"}}, {"model": "auth.permission", "pk": 16, "fields": {"name": "Can view user", "content_type": 4, "codename": "view_user"}}, {"model": "auth.permission", "pk": 17, "fields": {"name": "Can add content type", "content_type": 5, "codename": "add_contenttype"}}, {"model": "auth.permission", "pk": 18, "fields": {"name": "Can change content type", "content_type": 5, "codename": "change_contenttype"}}, {"model": "auth.permission", "pk": 19, "fields": {"name": "Can delete content type", "content_type": 5, "codename": "delete_contenttype"}}, {"model": "auth.permission", "pk": 20, "fields": {"name": "Can view content type", "content_type": 5, "codename": "view_contenttype"}}, {"model": "auth.permission", "pk": 21, "fields": {"name": "Can add session", "content_type": 6, "codename": "add_session"}}, {"model": "auth.permission", "pk": 22, "fields": {"name": "Can change session", "content_type": 6, "codename": "change_session"}}, {"model": "auth.permission", "pk": 23, "fields": {"name": "Can delete session", "content_type": 6, "codename": "delete_session"}}, {"model": "auth.permission", "pk": 24, "fields": {"name": "Can view session", "content_type": 6, "codename": "view_session"}}, {"model": "auth.permission", "pk": 25, "fields": {"name": "Can add Token", "content_type": 7, "codename": "add_token"}}, {"model": "auth.permission", "pk": 26, "fields": {"name": "Can change Token", "content_type": 7, "codename": "change_token"}}, {"model": "auth.permission", "pk": 27, "fields": {"name": "Can delete Token", "content_type": 7, "codename": "delete_token"}}, {"model": "auth.permission", "pk": 28, "fields": {"name": "Can view Token", "content_type": 7, "codename": "view_token"}}, {"model": "auth.permission", "pk": 29, "fields": {"name": "Can add Token", "content_type": 8, "codename": "add_tokenproxy"}}, {"model": "auth.permission", "pk": 30, "fields": {"name": "Can change Token", "content_type": 8, "codename": "change_tokenproxy"}}, {"model": "auth.permission", "pk": 31, "fields": {"name": "Can delete Token", "content_type": 8, "codename": "delete_tokenproxy"}}, {"model": "auth.permission", "pk": 32, "fields": {"name": "Can view Token", "content_type": 8, "codename": "view_tokenproxy"}}, {"model": "auth.permission", "pk": 33, "fields": {"name": "Can add question", "content_type": 9, "codename": "add_question"}}, {"model": "auth.permission", "pk": 34, "fields": {"name": "Can change question", "content_type": 9, "codename": "change_question"}}, {"model": "auth.permission", "pk": 35, "fields": {"name": "Can delete question", "content_type": 9, "codename": "delete_question"}}, {"model": "auth.permission", "pk": 36, "fields": {"name": "Can view question", "content_type": 9, "codename": "view_question"}}, {"model": "auth.permission", "pk": 37, "fields": {"name": "Can add quiz", "content_type": 10, "codename": "add_quiz"}}, {"model": "auth.permission", "pk": 38, "fields": {"name": "Can change quiz", "content_type": 10, "codename": "change_quiz"}}, {"model": "auth.permission", "pk": 39, "fields": {"name": "Can delete quiz", "content_type": 10, "codename": "delete_quiz"}}, {"model": "auth.permission", "pk": 40, "fields": {"name": "Can view quiz", "content_type": 10, "codename": "view_quiz"}}, {"model": "auth.permission", "pk": 41, "fields": {"name": "Can add topic", "content_type": 11, "codename": "add_topic"}}, {"model": "auth.permission", "pk": 42, "fields": {"name": "Can change topic", "content_type": 11, "codename": "change_topic"}}, {"model": "auth.permission", "pk": 43, "fields": {"name": "Can delete topic", "content_type": 11, "codename": "delete_topic"}}, {"model": "auth.permission", "pk": 44, "fields": {"name": "Can view topic", "content_type": 11, "codename": "view_topic"}}, {"model": "auth.permission", "pk": 45, "fields": {"name": "Can add option", "content_type": 12, "codename": "add_option"}}, {"model": "auth.permission", "pk": 46, "fields": {"name": "Can change option", "content_type": 12, "codename": "change_option"}}, {"model": "auth.permission", "pk": 47, "fields": {"name": "Can delete option", "content_type": 12, "codename": "delete_option"}}, {"model": "auth.permission", "pk": 48, "fields": {"name": "Can view option", "content_type": 12, "codename": "view_option"}}, {"model": "auth.permission", "pk": 49, "fields": {"name": "Can add quiz attempt", "content_type": 13, "codename": "add_quizattempt"}}, {"model": "auth.permission", "pk": 50, "fields": {"name": "Can change quiz attempt", "content_type": 13, "codename": "change_quizattempt"}}, {"model": "auth.permission", "pk": 51, "fields": {"name": "Can delete quiz attempt", "content_type": 13, "codename": "delete_quizattempt"}}, {"model": "auth.permission", "pk": 52, "fields": {"name": "Can view quiz attempt", "content_type": 13, "codename": "view_quizattempt"}}, {"model": "auth.permission", "pk": 53, "fields": {"name": "Can add user level", "content_type": 14, "codename": "add_userlevel"}}, {"model": "auth.permission", "pk": 54, "fields": {"name": "Can change user level", "content_type": 14, "codename": "change_userlevel"}}, {"model": "auth.permission", "pk": 55, "fields": {"name": "Can delete user level", "content_type": 14, "codename": "delete_userlevel"}}, {"model": "auth.permission", "pk": 56, "fields": {"name": "Can view user level", "content_type": 14, "codename": "view_userlevel"}}, {"model": "auth.permission", "pk": 57, "fields": {"name": "Can add answer", "content_type": 15, "codename": "add_answer"}}, {"model": "auth.permission", "pk": 58, "fields": {"name": "Can change answer", "content_type": 15, "codename": "change_answer"}}, {"model": "auth.permission", "pk": 59, "fields": {"name": "Can delete answer", "content_type": 15, "codename": "delete_answer"}}, {"model": "auth.permission", "pk": 60, "fields": {"name": "Can view answer", "content_type": 15, "codename": "view_answer"}}, {"model": "auth.user", "pk": 1, "fields": {"password": "pbkdf2_sha256$1000000$POQYfhYDOjQWEYWXG1xIjE$HE+6KW/0Cv8lDuacix8NuKaMm4S4FQvAbPgf9Rmcykw=", "last_login": "2025-06-13T09:06:45.753Z", "is_superuser": true, "username": "HerBlueprintAfrica", "first_name": "", "last_name": "", "email": "divinamanye@gmail.com", "is_staff": true, "is_active": true, "date_joined": "2025-06-13T09:05:03.458Z", "groups": [], "user_permissions": []}}, {"model": "auth.user", "pk": 2, "fields": {"password": "pbkdf2_sha256$1000000$DzEM2lPhVTUR86Ghvj9BQI$sgdVb1rd9Xm75F3C6JOIfDqvf8DPqEFy/vO+TGquemA=", "last_login": null, "is_superuser": false, "username": "Tasha", "first_name": "", "last_name": "", "email": "tashaanye1@gmail.com", "is_staff": false, "is_active": true, "date_joined": "2025-06-14T23:31:13.849Z", "groups": [], "user_permissions": []}}, {"model": "auth.user", "pk": 3, "fields": {"password": "pbkdf2_sha256$1000000$PeUqbqEKurUU24OLMWHY8R$YsmFxo3bVJSC7ehrDbr2y5/ceuVkAK9TdxIrka4rzPk=", "last_login": null, "is_superuser": false, "username": "divina123", "first_name": "", "last_name": "", "email": "divina@example.com", "is_staff": false, "is_active": true, "date_joined": "2025-06-15T15:21:25.250Z", "groups": [], "user_permissions": []}}, {"model": "contenttypes.contenttype", "pk": 1, "fields": {"app_label": "admin", "model": "logentry"}}, {"model": "contenttypes.contenttype", "pk": 2, "fields": {"app_label": "auth", "model": "permission"}}, {"model": "contenttypes.contenttype", "pk": 3, "fields": {"app_label": "auth", "model": "group"}}, {"model": "contenttypes.contenttype", "pk": 4, "fields": {"app_label": "auth", "model": "user"}}, {"model": "contenttypes.contenttype", "pk": 5, "fields": {"app_label": "contenttypes", "model": "contenttype"}}, {"model": "contenttypes.contenttype", "pk": 6, "fields": {"app_label": "sessions", "model": "session"}}, {"model": "contenttypes.contenttype", "pk": 7, "fields": {"app_label": "authtoken", "model": "token"}}, {"model": "contenttypes.contenttype", "pk": 8, "fields": {"app_label": "authtoken", "model": "tokenproxy"}}, {"model": "contenttypes.contenttype", "pk": 9, "fields": {"app_label": "quiz", "model": "question"}}, {"model": "contenttypes.contenttype", "pk": 10, "fields": {"app_label": "quiz", "model": "quiz"}}, {"model": "contenttypes.contenttype", "pk": 11, "fields": {"app_label": "quiz", "model": "topic"}}, {"model": "contenttypes.contenttype", "pk": 12, "fields": {"app_label": "quiz", "model": "option"}}, {"model": "contenttypes.contenttype", "pk": 13, "fields": {"app_label": "quiz", "model": "quizattempt"}}, {"model": "contenttypes.contenttype", "pk": 14, "fields": {"app_label": "quiz", "model": "userlevel"}}, {"model": "contenttypes.contenttype", "pk": 15, "fields": {"app_label": "quiz", "model": "answer"}}, {"model": "sessions.session", "pk": "j5l16eur9m1ggwa4ts16twt7k5tyiko6", "fields": {"session_data": ".eJxVjEEOwiAQRe_C2hBggIBL956BzMBUqgaS0q6Md9cmXej2v_f-SyTc1pq2wUuaizgLLU6_G2F-cNtBuWO7dZl7W5eZ5K7Igw557YWfl8P9O6g46rdm4ylPCAYpBsXBOcxgXQFn9RS1Qs-g0BjHOmMg5UlHZB8IvDWAUbw_6oE3uA:1uQ0N3:f5XucL5RnhRkNJWtKy5Zzq1f_xz58HpFkAaKdLXielg", "expire_date": "2025-06-27T09:06:45.762Z"}}, {"model": "authtoken.token", "pk": "4df60f6a62d028fa04eab6d122d2163ed2340b5c", "fields": {"user": 3, "created": "2025-06-15T15:23:11.106Z"}}, {"model": "quiz.topic", "pk": 1, "fields": {"name": "Basic Computer Operations"}}, {"model": "quiz.topic", "pk": 2, "fields": {"name": "Intro to Coding Concepts"}}, {"model": "quiz.topic", "pk": 3, "fields": {"name": "Google Workspace"}}, {"model": "quiz.topic", "pk": 4, "fields": {"name": "Computer Ethics"}}, {"model": "quiz.topic", "pk": 5, "fields": {"name": "Computer Ethics"}}, {"model": "quiz.topic", "pk": 6, "fields": {"name": "Understanding Software and Applications"}}, {"model": "quiz.topic", "pk": 7, "fields": {"name": "File Management and Storage"}}, {"model": "quiz.topic", "pk": 8, "fields": {"name": "Internet Safety and Security"}}, {"model": "quiz.topic", "pk": 9, "fields": {"name": "Hardware Components and Their Functions"}}, {"model": "quiz.quiz", "pk": 1, "fields": {"topic": 1, "title": "Basic Computer Operations", "level": "beginner"}}, {"model": "quiz.quiz", "pk": 2, "fields": {"topic": 1, "title": "Basic Computer Operations", "level": "intermediate"}}, {"model": "quiz.quiz", "pk": 3, "fields": {"topic": 1, "title": "Basic Computer Operations", "level": "advanced"}}, {"model": "quiz.quiz", "pk": 4, "fields": {"topic": 2, "title": "Intro to Coding Concepts", "level": "beginner"}}, {"model": "quiz.quiz", "pk": 5, "fields": {"topic": 2, "title": "Intro to Coding Concepts", "level": "intermediate"}}, {"model": "quiz.quiz", "pk": 6, "fields": {"topic": 2, "title": "Intro to Coding Concepts", "level": "advanced"}}, {"model": "quiz.quiz", "pk": 7, "fields": {"topic": 3, "title": "Google Workspace", "level": "beginner"}}, {"model": "quiz.quiz", "pk": 8, "fields": {"topic": 3, "title": "Google Workspace", "level": "advanced"}}, {"model": "quiz.quiz", "pk": 9, "fields": {"topic": 4, "title": "Computer Ethics", "level": "beginner"}}, {"model": "quiz.quiz", "pk": 10, "fields": {"topic": 4, "title": "Computer Ethics", "level": "intermediate"}}, {"model": "quiz.quiz", "pk": 11, "fields": {"topic": 4, "title": "Computer Ethics", "level": "advanced"}}, {"model": "quiz.quiz", "pk": 12, "fields": {"topic": 6, "title": "Understanding Software and Applications", "level": "beginner"}}, {"model": "quiz.quiz", "pk": 13, "fields": {"topic": 6, "title": "Understanding Software and Applications", "level": "intermediate"}}, {"model": "quiz.quiz", "pk": 14, "fields": {"topic": 6, "title": "Understanding Software and Applications", "level": "advanced"}}, {"model": "quiz.quiz", "pk": 15, "fields": {"topic": 7, "title": "File Management and Storage", "level": "beginner"}}, {"model": "quiz.quiz", "pk": 16, "fields": {"topic": 7, "title": "File Management and Storage", "level": "intermediate"}}, {"model": "quiz.quiz", "pk": 17, "fields": {"topic": 7, "title": "File Management and Storage", "level": "advanced"}}, {"model": "quiz.quiz", "pk": 18, "fields": {"topic": 8, "title": "Internet Safety and Security", "level": "beginner"}}, {"model": "quiz.quiz", "pk": 19, "fields": {"topic": 8, "title": "Internet Safety and Security", "level": "intermediate"}}, {"model": "quiz.quiz", "pk": 20, "fields": {"topic": 8, "title": "Internet Safety and Security", "level": "advanced"}}, {"model": "quiz.quiz", "pk": 21, "fields": {"topic": 9, "title": "Hardware Components and Their Functions", "level": "beginner"}}, {"model": "quiz.quiz", "pk": 22, "fields": {"topic": 9, "title": "Hardware Components and Their Functions", "level": "intermediate"}}, {"model": "quiz.quiz", "pk": 23, "fields": {"topic": 9, "title": "Hardware Components and Their Functions", "level": "advanced"}}, {"model": "quiz.question", "pk": 1, "fields": {"quiz": 4, "text": "What symbol is used to start a comment in Python?"}}, {"model": "quiz.question", "pk": 2, "fields": {"quiz": 4, "text": "Which of these is a correct variable name in Python?"}}, {"model": "quiz.question", "pk": 3, "fields": {"quiz": 4, "text": "What is the output of print(2 + 3)?"}}, {"model": "quiz.question", "pk": 4, "fields": {"quiz": 4, "text": "What type of language is Python?"}}, {"model": "quiz.question", "pk": 5, "fields": {"quiz": 4, "text": "Which of these is used to define a function in Python?"}}, {"model": "quiz.question", "pk": 6, "fields": {"quiz": 5, "text": "What keyword is used to create a class in Python?"}}, {"model": "quiz.question", "pk": 7, "fields": {"quiz": 5, "text": "How do you handle exceptions in Python?"}}, {"model": "quiz.question", "pk": 8, "fields": {"quiz": 5, "text": "Which of these data structures preserves order?"}}, {"model": "quiz.question", "pk": 9, "fields": {"quiz": 5, "text": "What does len() do in Python?"}}, {"model": "quiz.question", "pk": 10, "fields": {"quiz": 5, "text": "What is the output of bool([])?"}}, {"model": "quiz.question", "pk": 11, "fields": {"quiz": 6, "text": "What is a Python decorator?"}}, {"model": "quiz.question", "pk": 12, "fields": {"quiz": 6, "text": "What does the yield keyword do?"}}, {"model": "quiz.question", "pk": 13, "fields": {"quiz": 6, "text": "How would you create a thread in Python?"}}, {"model": "quiz.question", "pk": 14, "fields": {"quiz": 6, "text": "What is the difference between deepcopy and copy?"}}, {"model": "quiz.question", "pk": 15, "fields": {"quiz": 6, "text": "What is the Global Interpreter Lock (GIL) in Python?"}}, {"model": "quiz.option", "pk": 1, "fields": {"question": 1, "text": "A) #", "is_correct": true}}, {"model": "quiz.option", "pk": 2, "fields": {"question": 1, "text": "B) //", "is_correct": false}}, {"model": "quiz.option", "pk": 3, "fields": {"question": 1, "text": "C) /*", "is_correct": false}}, {"model": "quiz.option", "pk": 4, "fields": {"question": 1, "text": "D) --", "is_correct": false}}, {"model": "quiz.option", "pk": 5, "fields": {"question": 2, "text": "A) 1variable", "is_correct": false}}, {"model": "quiz.option", "pk": 6, "fields": {"question": 2, "text": "B) variable_1", "is_correct": true}}, {"model": "quiz.option", "pk": 7, "fields": {"question": 2, "text": "C) variable-1", "is_correct": false}}, {"model": "quiz.option", "pk": 8, "fields": {"question": 2, "text": "D) variable 1", "is_correct": false}}, {"model": "quiz.option", "pk": 9, "fields": {"question": 4, "text": "A) Low-level", "is_correct": false}}, {"model": "quiz.option", "pk": 10, "fields": {"question": 4, "text": "B) Assembly", "is_correct": false}}, {"model": "quiz.option", "pk": 11, "fields": {"question": 4, "text": "C) High-level", "is_correct": true}}, {"model": "quiz.option", "pk": 12, "fields": {"question": 4, "text": "D) Machine", "is_correct": false}}]
